i,BT time(ns),BT avg time (ns),ST time(ns),ST avg time (ns)
100000,74416500,7.44165,9146000,0.9146
200000,76393900,7.63939,9079100,0.90791
300000,76396400,7.63964,9091400,0.90914
400000,84246700,8.42467,9104400,0.91044
500000,84900200,8.49002,9377900,0.93779
600000,87279500,8.72795,11461400,1.14614
700000,85208700,8.52087,9351100,0.93511
800000,85253000,8.5253,10220400,1.02204
900000,84297900,8.42979,9082100,0.90821
1000000,84575800,8.45758,9071600,0.90716
