i,BT time(ns),BT avg time (ns),ST time(ns),ST avg time (ns)
100000,74664600,7.46646,7773200,0.77732
200000,76480900,7.64809,7705900,0.77059
300000,76369200,7.63692,7721700,0.77217
400000,84506700,8.45067,7735000,0.7735
500000,84263100,8.42631,7744700,0.77447
600000,84734800,8.47348,7781700,0.77817
700000,84321200,8.43212,7735800,0.77358
800000,84787000,8.4787,7758600,0.77586
900000,96119900,9.61199,9220600,0.92206
1000000,85024200,8.50242,7780300,0.77803
