i,BT time(ns),BT avg time (ns),ST time(ns),ST avg time (ns)
100000,1502845000,150.285,74299200,7.42992
200000,1540182500,77.0091,76340800,3.81704
300000,1539567700,51.3189,80595900,2.68653
400000,1541350900,38.5338,74304700,1.85762
500000,1457947700,29.159,71309900,1.4262
600000,1705628400,28.4271,76917700,1.28196
700000,1779116500,25.4159,75403800,1.0772
800000,1788631600,22.3579,75295700,0.941196
900000,1694600200,18.8289,71124100,0.790268
1000000,1682146900,16.8215,72303500,0.723035
